date,oil_productivity,gas_productivity,operator_name
2018-08-01,3599.0384615384614,6410.538461538462,SLAWSON EXPLORATION COMPANY INC
2018-07-01,2472.0384615384614,4878.615384615385,SLAWSON EXPLORATION COMPANY INC
2018-06-01,1847.5833333333333,4051.875,SLAWSON EXPLORATION COMPANY INC
2018-05-01,1851.0217391304348,4874.869565217391,SLAWSON EXPLORATION COMPANY INC
2018-04-01,1460.2608695652175,3498.804347826087,SLAWSON EXPLORATION COMPANY INC
2018-03-01,1232.5531914893618,3354.063829787234,SLAWSON EXPLORATION COMPANY INC
2018-02-01,1518.3191489361702,4304.0,SLAWSON EXPLORATION COMPANY INC
2018-01-01,1411.8,2528.3777777777777,SLAWSON EXPLORATION COMPANY INC
2017-12-01,1479.8478260869565,3060.282608695652,SLAWSON EXPLORATION COMPANY INC
2017-11-01,1372.6,2762.4444444444443,SLAWSON EXPLORATION COMPANY INC
2017-10-01,1447.4444444444443,3046.6,SLAWSON EXPLORATION COMPANY INC
2017-09-01,1452.6304347826087,3153.478260869565,SLAWSON EXPLORATION COMPANY INC
2017-08-01,1642.4,3635.6444444444446,SLAWSON EXPLORATION COMPANY INC
2017-07-01,1280.8695652173913,3241.2608695652175,SLAWSON EXPLORATION COMPANY INC
2017-06-01,1347.608695652174,3378.6521739130435,SLAWSON EXPLORATION COMPANY INC
2017-05-01,1711.8260869565217,3982.717391304348,SLAWSON EXPLORATION COMPANY INC
2017-04-01,1663.9545454545455,3601.3863636363635,SLAWSON EXPLORATION COMPANY INC
2017-03-01,1564.0416666666667,3243.6666666666665,SLAWSON EXPLORATION COMPANY INC
2017-02-01,1597.2978723404256,3541.063829787234,SLAWSON EXPLORATION COMPANY INC
2017-01-01,1664.0652173913043,3302.4347826086955,SLAWSON EXPLORATION COMPANY INC
2016-12-01,1695.5111111111112,3624.088888888889,SLAWSON EXPLORATION COMPANY INC
2016-11-01,1861.8125,3529.5625,SLAWSON EXPLORATION COMPANY INC
2016-10-01,1974.891304347826,3634.021739130435,SLAWSON EXPLORATION COMPANY INC
2016-09-01,1781.7674418604652,3543.860465116279,SLAWSON EXPLORATION COMPANY INC
2016-08-01,1930.9583333333333,3828.7916666666665,SLAWSON EXPLORATION COMPANY INC
2016-07-01,1940.1489361702127,3801.4893617021276,SLAWSON EXPLORATION COMPANY INC
2016-06-01,2058.8541666666665,3900.25,SLAWSON EXPLORATION COMPANY INC
2016-05-01,2154.574468085106,3736.978723404255,SLAWSON EXPLORATION COMPANY INC
2016-04-01,2201.75,3938.4166666666665,SLAWSON EXPLORATION COMPANY INC
2016-03-01,2455.5625,4067.3958333333335,SLAWSON EXPLORATION COMPANY INC
2016-02-01,1685.5531914893618,3145.574468085106,SLAWSON EXPLORATION COMPANY INC
2016-01-01,1986.3541666666667,3627.6041666666665,SLAWSON EXPLORATION COMPANY INC
2015-12-01,2402.7021276595747,3847.404255319149,SLAWSON EXPLORATION COMPANY INC
2015-11-01,2527.1555555555556,3760.711111111111,SLAWSON EXPLORATION COMPANY INC
2015-10-01,2496.25,3991.6041666666665,SLAWSON EXPLORATION COMPANY INC
2015-09-01,2525.1458333333335,3454.25,SLAWSON EXPLORATION COMPANY INC
2015-08-01,2538.8541666666665,3393.5208333333335,SLAWSON EXPLORATION COMPANY INC
2015-07-01,2631.6382978723404,3191.404255319149,SLAWSON EXPLORATION COMPANY INC
2015-06-01,3019.8125,3665.2083333333335,SLAWSON EXPLORATION COMPANY INC
2015-05-01,3531.7272727272725,4059.181818181818,SLAWSON EXPLORATION COMPANY INC
2015-04-01,3466.25,3711.8125,SLAWSON EXPLORATION COMPANY INC
2015-03-01,3219.413043478261,4088.2608695652175,SLAWSON EXPLORATION COMPANY INC
2015-02-01,2824.6739130434785,3633.608695652174,SLAWSON EXPLORATION COMPANY INC
2015-01-01,2710.9736842105262,3770.157894736842,SLAWSON EXPLORATION COMPANY INC
2014-12-01,3888.5526315789475,5546.105263157895,SLAWSON EXPLORATION COMPANY INC
2014-11-01,3655.324324324324,4690.378378378378,SLAWSON EXPLORATION COMPANY INC
2014-10-01,3064.8,4310.228571428572,SLAWSON EXPLORATION COMPANY INC
2014-09-01,4022.823529411765,5205.294117647059,SLAWSON EXPLORATION COMPANY INC
2014-02-01,4321.25,3588.90625,SLAWSON EXPLORATION COMPANY INC
2014-01-01,4509.892857142857,5688.75,SLAWSON EXPLORATION COMPANY INC
2013-12-01,5019.607142857143,6391.892857142857,SLAWSON EXPLORATION COMPANY INC
2013-11-01,4731.896551724138,4492.310344827586,SLAWSON EXPLORATION COMPANY INC
2013-10-01,4145.481481481482,1594.5925925925926,SLAWSON EXPLORATION COMPANY INC
2013-09-01,3639.84,2829.84,SLAWSON EXPLORATION COMPANY INC
2013-08-01,2921.8333333333335,1907.75,SLAWSON EXPLORATION COMPANY INC
2013-07-01,3186.090909090909,2672.7272727272725,SLAWSON EXPLORATION COMPANY INC
2013-06-01,3225.090909090909,3323.409090909091,SLAWSON EXPLORATION COMPANY INC
2013-05-01,3563.1363636363635,2568.409090909091,SLAWSON EXPLORATION COMPANY INC
2013-04-01,3459.782608695652,2580.913043478261,SLAWSON EXPLORATION COMPANY INC
2013-03-01,4290.652173913043,2938.2608695652175,SLAWSON EXPLORATION COMPANY INC
2013-02-01,4639.739130434783,2815.695652173913,SLAWSON EXPLORATION COMPANY INC
2013-01-01,4627.9,2806.2,SLAWSON EXPLORATION COMPANY INC
2012-12-01,4770.863636363636,2984.1363636363635,SLAWSON EXPLORATION COMPANY INC
2012-11-01,5209.238095238095,3074.190476190476,SLAWSON EXPLORATION COMPANY INC
2012-10-01,6835.954545454545,3949.0,SLAWSON EXPLORATION COMPANY INC
2012-09-01,5022.045454545455,2911.590909090909,SLAWSON EXPLORATION COMPANY INC
2012-08-01,4325.65,2745.15,SLAWSON EXPLORATION COMPANY INC
2012-07-01,4118.5,2652.4,SLAWSON EXPLORATION COMPANY INC
2012-06-01,4906.529411764706,3862.529411764706,SLAWSON EXPLORATION COMPANY INC
2012-05-01,5078.529411764706,2908.823529411765,SLAWSON EXPLORATION COMPANY INC
2012-04-01,5002.5,1547.5,SLAWSON EXPLORATION COMPANY INC
2012-03-01,4269.076923076923,2367.4615384615386,SLAWSON EXPLORATION COMPANY INC
2012-02-01,5704.636363636364,1456.909090909091,SLAWSON EXPLORATION COMPANY INC
2012-01-01,4240.333333333333,1561.6666666666667,SLAWSON EXPLORATION COMPANY INC
2011-12-01,4518.5,2067.1,SLAWSON EXPLORATION COMPANY INC
2011-11-01,4025.4285714285716,2000.7142857142858,SLAWSON EXPLORATION COMPANY INC
2011-10-01,4220.833333333333,2423.6666666666665,SLAWSON EXPLORATION COMPANY INC
2011-09-01,5711.0,3222.0,SLAWSON EXPLORATION COMPANY INC
2011-08-01,4233.0,2745.0,SLAWSON EXPLORATION COMPANY INC
2011-07-01,2866.8,890.8,SLAWSON EXPLORATION COMPANY INC
2010-09-01,107.0,149.0,SLAWSON EXPLORATION COMPANY INC
2010-08-01,532.0,395.0,SLAWSON EXPLORATION COMPANY INC
2010-07-01,571.5,510.5,SLAWSON EXPLORATION COMPANY INC
2010-06-01,844.0,635.5,SLAWSON EXPLORATION COMPANY INC
2010-05-01,887.0,665.0,SLAWSON EXPLORATION COMPANY INC
2010-04-01,870.0,645.5,SLAWSON EXPLORATION COMPANY INC
2010-03-01,846.5,616.5,SLAWSON EXPLORATION COMPANY INC
2010-02-01,634.0,377.0,SLAWSON EXPLORATION COMPANY INC
2010-01-01,704.0,428.0,SLAWSON EXPLORATION COMPANY INC
2014-08-01,2711.3947368421054,2530.7631578947367,SLAWSON EXPLORATION COMPANY INC
2014-07-01,4085.4864864864867,2893.2702702702704,SLAWSON EXPLORATION COMPANY INC
2014-06-01,4484.054054054054,2578.2162162162163,SLAWSON EXPLORATION COMPANY INC
2014-05-01,4777.264705882353,2635.529411764706,SLAWSON EXPLORATION COMPANY INC
2014-04-01,5125.4857142857145,2874.7714285714287,SLAWSON EXPLORATION COMPANY INC
2014-03-01,4606.848484848485,2222.7272727272725,SLAWSON EXPLORATION COMPANY INC
2011-04-01,1311.0,985.0,SLAWSON EXPLORATION COMPANY INC
2010-12-01,4824.0,163.0,SLAWSON EXPLORATION COMPANY INC
2010-11-01,3948.5,110.0,SLAWSON EXPLORATION COMPANY INC
2011-06-01,3126.6666666666665,588.3333333333334,SLAWSON EXPLORATION COMPANY INC
2011-05-01,3322.3333333333335,969.6666666666666,SLAWSON EXPLORATION COMPANY INC
2011-03-01,2206.5,1478.5,SLAWSON EXPLORATION COMPANY INC
2011-02-01,2454.0,348.5,SLAWSON EXPLORATION COMPANY INC
2011-01-01,3634.5,150.0,SLAWSON EXPLORATION COMPANY INC
2011-07-01,2353.0,1416.0,PETRO-HUNT DAKOTA LLC
2011-06-01,3337.6666666666665,2703.3333333333335,PETRO-HUNT DAKOTA LLC
2011-05-01,4432.0,3055.0,PETRO-HUNT DAKOTA LLC
2011-04-01,3830.3333333333335,2447.3333333333335,PETRO-HUNT DAKOTA LLC
2011-03-01,3012.0,1748.0,PETRO-HUNT DAKOTA LLC
2011-02-01,4670.0,3399.0,PETRO-HUNT DAKOTA LLC
2010-04-01,188.0,5.0,PETRO-HUNT DAKOTA LLC
2010-03-01,427.0,301.0,PETRO-HUNT DAKOTA LLC
2010-02-01,582.0,397.0,PETRO-HUNT DAKOTA LLC
2010-01-01,439.0,243.0,PETRO-HUNT DAKOTA LLC
2018-08-01,1330.2222222222222,1018.0,PETRO-HUNT DAKOTA LLC
2018-07-01,1286.3870967741937,2607.1451612903224,PETRO-HUNT DAKOTA LLC
2018-06-01,1354.274193548387,2662.435483870968,PETRO-HUNT DAKOTA LLC
2018-05-01,1444.7096774193549,2602.3064516129034,PETRO-HUNT DAKOTA LLC
2018-04-01,1323.016129032258,2210.7258064516127,PETRO-HUNT DAKOTA LLC
2018-03-01,1388.4032258064517,2320.8709677419356,PETRO-HUNT DAKOTA LLC
2018-02-01,1256.6129032258063,2057.6774193548385,PETRO-HUNT DAKOTA LLC
2018-01-01,1554.483870967742,2554.1451612903224,PETRO-HUNT DAKOTA LLC
2017-12-01,1545.1129032258063,2452.451612903226,PETRO-HUNT DAKOTA LLC
2017-11-01,1540.1612903225807,2004.8387096774193,PETRO-HUNT DAKOTA LLC
2017-10-01,1547.7868852459017,2505.344262295082,PETRO-HUNT DAKOTA LLC
2017-09-01,1506.0,2352.233333333333,PETRO-HUNT DAKOTA LLC
2017-08-01,1645.322033898305,2419.0338983050847,PETRO-HUNT DAKOTA LLC
2017-07-01,1649.9830508474577,2312.728813559322,PETRO-HUNT DAKOTA LLC
2017-06-01,1563.1525423728813,2029.084745762712,PETRO-HUNT DAKOTA LLC
2017-05-01,1737.8983050847457,2147.7796610169494,PETRO-HUNT DAKOTA LLC
2017-04-01,1707.2881355932204,604.1864406779661,PETRO-HUNT DAKOTA LLC
2017-03-01,1735.3389830508474,1982.0677966101696,PETRO-HUNT DAKOTA LLC
2017-02-01,1623.322033898305,1682.0169491525423,PETRO-HUNT DAKOTA LLC
2014-12-01,3619.595744680851,3182.404255319149,PETRO-HUNT DAKOTA LLC
2014-11-01,2308.4418604651164,2227.8372093023254,PETRO-HUNT DAKOTA LLC
2014-10-01,3286.2045454545455,3677.409090909091,PETRO-HUNT DAKOTA LLC
2014-09-01,4021.1627906976746,4166.116279069767,PETRO-HUNT DAKOTA LLC
2014-08-01,4181.918918918919,7481.216216216216,PETRO-HUNT DAKOTA LLC
2014-07-01,5115.0,8304.394736842105,PETRO-HUNT DAKOTA LLC
2014-06-01,4858.285714285715,6317.8,PETRO-HUNT DAKOTA LLC
2014-05-01,5809.972222222223,6842.527777777777,PETRO-HUNT DAKOTA LLC
2014-04-01,5010.46875,5784.46875,PETRO-HUNT DAKOTA LLC
2014-03-01,6176.777777777777,6377.962962962963,PETRO-HUNT DAKOTA LLC
2014-02-01,4273.04,4399.36,PETRO-HUNT DAKOTA LLC
2014-01-01,4188.36,5375.56,PETRO-HUNT DAKOTA LLC
2013-12-01,7386.72,8238.28,PETRO-HUNT DAKOTA LLC
2013-11-01,6022.95652173913,6338.130434782609,PETRO-HUNT DAKOTA LLC
2013-10-01,4855.9473684210525,4910.736842105263,PETRO-HUNT DAKOTA LLC
2013-09-01,5701.833333333333,5669.277777777777,PETRO-HUNT DAKOTA LLC
2013-08-01,6057.133333333333,5282.666666666667,PETRO-HUNT DAKOTA LLC
2013-07-01,5202.076923076923,4851.7692307692305,PETRO-HUNT DAKOTA LLC
2013-06-01,5342.25,5082.083333333333,PETRO-HUNT DAKOTA LLC
2013-05-01,3851.9,3762.5,PETRO-HUNT DAKOTA LLC
2013-04-01,3806.6666666666665,3659.8888888888887,PETRO-HUNT DAKOTA LLC
2013-03-01,2669.8888888888887,2026.111111111111,PETRO-HUNT DAKOTA LLC
2013-02-01,1820.875,1738.75,PETRO-HUNT DAKOTA LLC
2013-01-01,961.0,852.5,PETRO-HUNT DAKOTA LLC
2012-12-01,894.0,1167.0,PETRO-HUNT DAKOTA LLC
2012-11-01,1510.0,1704.1666666666667,PETRO-HUNT DAKOTA LLC
2012-10-01,1852.8,2223.8,PETRO-HUNT DAKOTA LLC
2012-09-01,2079.3333333333335,2356.3333333333335,PETRO-HUNT DAKOTA LLC
2012-08-01,2274.5,2917.6666666666665,PETRO-HUNT DAKOTA LLC
2012-07-01,1923.8333333333333,2288.3333333333335,PETRO-HUNT DAKOTA LLC
2012-06-01,2620.0,2733.0,PETRO-HUNT DAKOTA LLC
2012-05-01,2897.5,2840.8333333333335,PETRO-HUNT DAKOTA LLC
2012-04-01,2112.3333333333335,2015.5,PETRO-HUNT DAKOTA LLC
2012-03-01,2635.2,3431.8,PETRO-HUNT DAKOTA LLC
2012-02-01,1349.0,1521.25,PETRO-HUNT DAKOTA LLC
2012-01-01,1909.6666666666667,2712.6666666666665,PETRO-HUNT DAKOTA LLC
2011-12-01,2055.0,3424.6666666666665,PETRO-HUNT DAKOTA LLC
2011-11-01,2252.3333333333335,4197.333333333333,PETRO-HUNT DAKOTA LLC
2011-10-01,2429.0,2882.3333333333335,PETRO-HUNT DAKOTA LLC
2011-09-01,2653.6666666666665,3816.3333333333335,PETRO-HUNT DAKOTA LLC
2011-08-01,3421.3333333333335,4001.6666666666665,PETRO-HUNT DAKOTA LLC
2015-12-01,3283.0689655172414,2843.706896551724,PETRO-HUNT DAKOTA LLC
2015-09-01,2625.2,2225.1833333333334,PETRO-HUNT DAKOTA LLC
2015-08-01,3862.3278688524592,3446.0491803278687,PETRO-HUNT DAKOTA LLC
2015-07-01,3734.5245901639346,3362.44262295082,PETRO-HUNT DAKOTA LLC
2015-06-01,3564.6140350877195,3118.8947368421054,PETRO-HUNT DAKOTA LLC
2015-05-01,3030.3518518518517,2782.5925925925926,PETRO-HUNT DAKOTA LLC
2015-04-01,2965.0392156862745,2310.725490196078,PETRO-HUNT DAKOTA LLC
2015-03-01,3141.923076923077,2644.326923076923,PETRO-HUNT DAKOTA LLC
2015-02-01,2681.3617021276596,1988.4255319148936,PETRO-HUNT DAKOTA LLC
2015-01-01,3084.2978723404253,2687.063829787234,PETRO-HUNT DAKOTA LLC
2011-01-01,3919.0,2931.5,PETRO-HUNT DAKOTA LLC
2010-12-01,3680.0,1138.0,PETRO-HUNT DAKOTA LLC
2010-11-01,438.0,150.0,PETRO-HUNT DAKOTA LLC
2010-10-01,4202.0,201.0,PETRO-HUNT DAKOTA LLC
2010-09-01,468.0,113.0,PETRO-HUNT DAKOTA LLC
2017-01-01,1643.0701754385964,1626.421052631579,PETRO-HUNT DAKOTA LLC
2016-12-01,1933.2857142857142,1878.4285714285713,PETRO-HUNT DAKOTA LLC
2016-11-01,1945.357142857143,2109.4464285714284,PETRO-HUNT DAKOTA LLC
2016-10-01,2006.9122807017543,2002.3859649122808,PETRO-HUNT DAKOTA LLC
2016-09-01,1912.3392857142858,1930.5535714285713,PETRO-HUNT DAKOTA LLC
2016-08-01,2047.3148148148148,2197.1296296296296,PETRO-HUNT DAKOTA LLC
2016-07-01,2446.740740740741,2538.5185185185187,PETRO-HUNT DAKOTA LLC
2016-06-01,2311.7636363636366,2242.836363636364,PETRO-HUNT DAKOTA LLC
2016-05-01,2702.846153846154,2532.403846153846,PETRO-HUNT DAKOTA LLC
2016-04-01,2171.36,2097.64,PETRO-HUNT DAKOTA LLC
2016-03-01,2977.266666666667,2923.3333333333335,PETRO-HUNT DAKOTA LLC
2016-02-01,2855.1666666666665,2657.0925925925926,PETRO-HUNT DAKOTA LLC
2016-01-01,3331.1724137931033,3049.896551724138,PETRO-HUNT DAKOTA LLC
2015-11-01,3337.915254237288,2723.64406779661,PETRO-HUNT DAKOTA LLC
2015-10-01,3253.4166666666665,2722.5666666666666,PETRO-HUNT DAKOTA LLC
2017-06-01,9182.379310344828,11682.637931034482,WPX ENERGY WILLISTON LLC
2017-05-01,5344.018867924528,7288.735849056604,WPX ENERGY WILLISTON LLC
2017-04-01,5247.244897959184,7551.530612244898,WPX ENERGY WILLISTON LLC
2017-03-01,4197.530612244898,6297.673469387755,WPX ENERGY WILLISTON LLC
2017-02-01,3432.0666666666666,5124.644444444444,WPX ENERGY WILLISTON LLC
2017-01-01,3673.177777777778,5965.0,WPX ENERGY WILLISTON LLC
2016-12-01,3240.318181818182,5562.545454545455,WPX ENERGY WILLISTON LLC
2016-11-01,4123.413043478261,6571.652173913043,WPX ENERGY WILLISTON LLC
2016-10-01,4677.304347826087,7181.717391304348,WPX ENERGY WILLISTON LLC
2016-09-01,4841.222222222223,5658.444444444444,WPX ENERGY WILLISTON LLC
2016-08-01,5091.155555555555,6235.533333333334,WPX ENERGY WILLISTON LLC
2016-07-01,5686.177777777778,8507.577777777778,WPX ENERGY WILLISTON LLC
2016-06-01,5702.7555555555555,6984.9111111111115,WPX ENERGY WILLISTON LLC
2016-05-01,6708.739130434783,8404.891304347826,WPX ENERGY WILLISTON LLC
2016-04-01,7293.04347826087,9208.173913043478,WPX ENERGY WILLISTON LLC
2016-03-01,9118.173913043478,10618.521739130434,WPX ENERGY WILLISTON LLC
2016-02-01,3558.6666666666665,5585.190476190476,WPX ENERGY WILLISTON LLC
2016-01-01,4067.125,6252.875,WPX ENERGY WILLISTON LLC
2015-12-01,4213.5641025641025,6687.384615384615,WPX ENERGY WILLISTON LLC
2015-11-01,3837.25,5698.625,WPX ENERGY WILLISTON LLC
2015-10-01,4714.825,7088.35,WPX ENERGY WILLISTON LLC
2015-09-01,4504.225,6839.2,WPX ENERGY WILLISTON LLC
2015-07-01,5111.975,7211.875,WPX ENERGY WILLISTON LLC
2015-06-01,5270.975,7668.7,WPX ENERGY WILLISTON LLC
2015-05-01,6005.2,8386.725,WPX ENERGY WILLISTON LLC
2015-04-01,6175.775,8259.025,WPX ENERGY WILLISTON LLC
2015-03-01,6717.2,8510.375,WPX ENERGY WILLISTON LLC
2015-02-01,6593.725,6543.975,WPX ENERGY WILLISTON LLC
2015-01-01,6624.7,7545.75,WPX ENERGY WILLISTON LLC
2014-11-01,8856.918918918918,10100.0,WPX ENERGY WILLISTON LLC
2014-10-01,6454.735294117647,7535.470588235294,WPX ENERGY WILLISTON LLC
2014-09-01,6731.677419354839,8612.322580645161,WPX ENERGY WILLISTON LLC
2014-08-01,5140.678571428572,6678.428571428572,WPX ENERGY WILLISTON LLC
2014-07-01,2664.0,3324.1071428571427,WPX ENERGY WILLISTON LLC
2014-06-01,2766.68,4147.88,WPX ENERGY WILLISTON LLC
2014-05-01,3099.16,3635.88,WPX ENERGY WILLISTON LLC
2014-04-01,3069.84,4850.56,WPX ENERGY WILLISTON LLC
2014-03-01,3282.56,5482.64,WPX ENERGY WILLISTON LLC
2014-02-01,3148.56,4362.36,WPX ENERGY WILLISTON LLC
2014-01-01,3422.6,4754.56,WPX ENERGY WILLISTON LLC
2013-12-01,3505.8,4509.64,WPX ENERGY WILLISTON LLC
2013-11-01,3466.28,4813.08,WPX ENERGY WILLISTON LLC
2013-10-01,3690.52,6111.28,WPX ENERGY WILLISTON LLC
2013-09-01,3929.88,6429.2,WPX ENERGY WILLISTON LLC
2013-08-01,4462.84,6359.32,WPX ENERGY WILLISTON LLC
2013-07-01,4621.32,7678.92,WPX ENERGY WILLISTON LLC
2013-06-01,4677.88,6631.6,WPX ENERGY WILLISTON LLC
2013-05-01,5273.8,8559.48,WPX ENERGY WILLISTON LLC
2013-04-01,5743.28,7073.32,WPX ENERGY WILLISTON LLC
2013-03-01,6725.083333333333,10054.583333333334,WPX ENERGY WILLISTON LLC
2013-02-01,5727.695652173913,8249.826086956522,WPX ENERGY WILLISTON LLC
2013-01-01,5512.173913043478,7193.434782608696,WPX ENERGY WILLISTON LLC
2012-12-01,6313.85,8787.5,WPX ENERGY WILLISTON LLC
2012-10-01,6262.8421052631575,8130.0,WPX ENERGY WILLISTON LLC
2012-09-01,6173.315789473684,8145.736842105263,WPX ENERGY WILLISTON LLC
2012-08-01,7221.333333333333,8394.5,WPX ENERGY WILLISTON LLC
2012-07-01,6629.111111111111,7803.444444444444,WPX ENERGY WILLISTON LLC
2012-06-01,7656.5,8857.4375,WPX ENERGY WILLISTON LLC
2012-05-01,7775.882352941177,8938.058823529413,WPX ENERGY WILLISTON LLC
2012-04-01,8504.625,9723.75,WPX ENERGY WILLISTON LLC
2012-03-01,7565.066666666667,8838.133333333333,WPX ENERGY WILLISTON LLC
2012-02-01,7588.538461538462,7404.538461538462,WPX ENERGY WILLISTON LLC
2012-01-01,7412.615384615385,5636.384615384615,WPX ENERGY WILLISTON LLC
2011-12-01,9366.888888888889,5680.111111111111,WPX ENERGY WILLISTON LLC
2011-11-01,7989.25,4116.125,WPX ENERGY WILLISTON LLC
2011-10-01,8052.571428571428,2037.7142857142858,WPX ENERGY WILLISTON LLC
2011-09-01,5595.166666666667,1181.6666666666667,WPX ENERGY WILLISTON LLC
2011-08-01,9156.2,5931.2,WPX ENERGY WILLISTON LLC
2011-07-01,5225.8,3825.0,WPX ENERGY WILLISTON LLC
2011-06-01,5079.0,4254.75,WPX ENERGY WILLISTON LLC
2011-05-01,5668.2,4104.6,WPX ENERGY WILLISTON LLC
2011-04-01,5903.0,4867.5,WPX ENERGY WILLISTON LLC
2011-03-01,8102.25,6871.25,WPX ENERGY WILLISTON LLC
2011-02-01,8423.25,5724.0,WPX ENERGY WILLISTON LLC
2011-01-01,5381.25,4584.0,WPX ENERGY WILLISTON LLC
2010-12-01,8979.0,8696.0,WPX ENERGY WILLISTON LLC
2010-11-01,11416.666666666666,11820.333333333334,WPX ENERGY WILLISTON LLC
2010-10-01,10899.5,10705.75,WPX ENERGY WILLISTON LLC
2010-09-01,11126.5,10666.0,WPX ENERGY WILLISTON LLC
2010-08-01,3765.0,3679.0,WPX ENERGY WILLISTON LLC
2010-06-01,3024.5,2393.0,WPX ENERGY WILLISTON LLC
2010-02-01,6235.5,5036.0,WPX ENERGY WILLISTON LLC
2010-01-01,4144.0,2227.5,WPX ENERGY WILLISTON LLC
2018-08-01,4255.923076923077,10110.353846153846,WPX ENERGY WILLISTON LLC
2018-07-01,5253.984848484848,11994.363636363636,WPX ENERGY WILLISTON LLC
2018-06-01,5569.469696969697,12147.272727272728,WPX ENERGY WILLISTON LLC
2018-05-01,5995.651515151515,10670.045454545454,WPX ENERGY WILLISTON LLC
2018-04-01,6252.606060606061,9997.227272727272,WPX ENERGY WILLISTON LLC
2018-03-01,6671.575757575758,10427.363636363636,WPX ENERGY WILLISTON LLC
2018-02-01,7086.636363636364,10475.727272727272,WPX ENERGY WILLISTON LLC
2018-01-01,6935.666666666667,10140.136363636364,WPX ENERGY WILLISTON LLC
2017-12-01,7186.333333333333,9572.242424242424,WPX ENERGY WILLISTON LLC
2017-11-01,7858.393939393939,10655.742424242424,WPX ENERGY WILLISTON LLC
2017-10-01,9170.727272727272,11795.59090909091,WPX ENERGY WILLISTON LLC
2017-09-01,10188.363636363636,12827.712121212122,WPX ENERGY WILLISTON LLC
2017-08-01,10137.349206349207,12302.57142857143,WPX ENERGY WILLISTON LLC
2017-07-01,7837.015873015873,10271.968253968254,WPX ENERGY WILLISTON LLC
2012-11-01,5367.611111111111,6898.0,WPX ENERGY WILLISTON LLC
2010-07-01,5699.0,5234.0,WPX ENERGY WILLISTON LLC
2010-05-01,8199.0,7119.0,WPX ENERGY WILLISTON LLC
2010-04-01,9984.0,8741.0,WPX ENERGY WILLISTON LLC
2010-03-01,14773.0,13284.0,WPX ENERGY WILLISTON LLC
2015-08-01,4793.794871794872,6921.538461538462,WPX ENERGY WILLISTON LLC
2014-12-01,8198.638888888889,7770.5,WPX ENERGY WILLISTON LLC
2018-08-01,6037.223880597015,11553.641791044776,ENERPLUS RESOURCES USA CORPORATION
2018-07-01,6701.731343283582,11089.283582089553,ENERPLUS RESOURCES USA CORPORATION
2018-05-01,7828.776119402985,12163.253731343284,ENERPLUS RESOURCES USA CORPORATION
2018-04-01,8675.484848484848,13010.89393939394,ENERPLUS RESOURCES USA CORPORATION
2018-03-01,7988.3125,11891.484375,ENERPLUS RESOURCES USA CORPORATION
2018-02-01,6335.476923076923,9123.938461538462,ENERPLUS RESOURCES USA CORPORATION
2018-01-01,9935.448275862069,13427.637931034482,ENERPLUS RESOURCES USA CORPORATION
2017-12-01,10070.0,13949.338983050848,ENERPLUS RESOURCES USA CORPORATION
2017-11-01,11266.065573770491,16060.983606557376,ENERPLUS RESOURCES USA CORPORATION
2017-10-01,10049.034482758621,14777.655172413793,ENERPLUS RESOURCES USA CORPORATION
2017-09-01,7228.245614035088,11957.263157894737,ENERPLUS RESOURCES USA CORPORATION
2017-08-01,7507.21568627451,12671.686274509804,ENERPLUS RESOURCES USA CORPORATION
2017-07-01,7107.693877551021,12158.69387755102,ENERPLUS RESOURCES USA CORPORATION
2017-06-01,7062.851063829788,12036.936170212766,ENERPLUS RESOURCES USA CORPORATION
2017-05-01,8519.617021276596,14552.72340425532,ENERPLUS RESOURCES USA CORPORATION
2017-04-01,7949.355555555556,12994.622222222222,ENERPLUS RESOURCES USA CORPORATION
2017-03-01,7443.363636363636,12620.15909090909,ENERPLUS RESOURCES USA CORPORATION
2017-02-01,7059.790697674419,11678.348837209302,ENERPLUS RESOURCES USA CORPORATION
2017-01-01,6028.925,11613.025,ENERPLUS RESOURCES USA CORPORATION
2016-12-01,6360.375,12752.475,ENERPLUS RESOURCES USA CORPORATION
2016-11-01,7619.25,15322.525,ENERPLUS RESOURCES USA CORPORATION
2016-10-01,7403.45,15147.025,ENERPLUS RESOURCES USA CORPORATION
2016-09-01,6370.8378378378375,13260.108108108108,ENERPLUS RESOURCES USA CORPORATION
2016-08-01,6154.75,12719.555555555555,ENERPLUS RESOURCES USA CORPORATION
2016-07-01,6492.714285714285,13765.457142857143,ENERPLUS RESOURCES USA CORPORATION
2016-06-01,7221.314285714286,14998.514285714286,ENERPLUS RESOURCES USA CORPORATION
2016-05-01,8137.857142857143,15292.714285714286,ENERPLUS RESOURCES USA CORPORATION
2016-04-01,8884.4,17607.628571428573,ENERPLUS RESOURCES USA CORPORATION
2016-03-01,7703.125,15391.875,ENERPLUS RESOURCES USA CORPORATION
2016-02-01,7523.878787878788,15049.69696969697,ENERPLUS RESOURCES USA CORPORATION
2016-01-01,9652.151515151516,19484.121212121212,ENERPLUS RESOURCES USA CORPORATION
2015-12-01,11268.151515151516,19687.454545454544,ENERPLUS RESOURCES USA CORPORATION
2015-11-01,11548.515151515152,18966.303030303032,ENERPLUS RESOURCES USA CORPORATION
2015-10-01,8603.483870967742,15877.483870967742,ENERPLUS RESOURCES USA CORPORATION
2015-09-01,7855.387096774193,14343.741935483871,ENERPLUS RESOURCES USA CORPORATION
2015-08-01,9814.666666666666,16631.0,ENERPLUS RESOURCES USA CORPORATION
2015-07-01,10682.322580645161,17980.387096774193,ENERPLUS RESOURCES USA CORPORATION
2015-06-01,9937.548387096775,16519.225806451614,ENERPLUS RESOURCES USA CORPORATION
2015-05-01,11602.5,17977.3,ENERPLUS RESOURCES USA CORPORATION
2015-04-01,13062.333333333334,20538.11111111111,ENERPLUS RESOURCES USA CORPORATION
2015-03-01,15410.444444444445,23435.444444444445,ENERPLUS RESOURCES USA CORPORATION
2015-01-01,10779.52,15549.96,ENERPLUS RESOURCES USA CORPORATION
2014-12-01,13962.96,20111.04,ENERPLUS RESOURCES USA CORPORATION
2014-11-01,12500.5,13827.423076923076,ENERPLUS RESOURCES USA CORPORATION
2014-10-01,11883.85,14314.6,ENERPLUS RESOURCES USA CORPORATION
2014-09-01,8126.4,10371.25,ENERPLUS RESOURCES USA CORPORATION
2014-08-01,11644.052631578947,13746.052631578947,ENERPLUS RESOURCES USA CORPORATION
2014-07-01,11484.052631578947,10541.263157894737,ENERPLUS RESOURCES USA CORPORATION
2014-06-01,11567.736842105263,10947.368421052632,ENERPLUS RESOURCES USA CORPORATION
2014-05-01,12288.411764705883,10291.70588235294,ENERPLUS RESOURCES USA CORPORATION
2014-04-01,11632.411764705883,10146.176470588236,ENERPLUS RESOURCES USA CORPORATION
2014-03-01,8729.933333333332,11646.533333333333,ENERPLUS RESOURCES USA CORPORATION
2014-02-01,10342.4375,7699.3125,ENERPLUS RESOURCES USA CORPORATION
2014-01-01,7669.4,3118.0666666666666,ENERPLUS RESOURCES USA CORPORATION
2013-12-01,5464.384615384615,4415.307692307692,ENERPLUS RESOURCES USA CORPORATION
2013-11-01,4704.2,5539.0,ENERPLUS RESOURCES USA CORPORATION
2013-10-01,4520.454545454545,4925.0,ENERPLUS RESOURCES USA CORPORATION
2013-09-01,3483.818181818182,3321.6363636363635,ENERPLUS RESOURCES USA CORPORATION
2013-08-01,5468.363636363636,4648.909090909091,ENERPLUS RESOURCES USA CORPORATION
2013-07-01,5203.363636363636,4303.727272727273,ENERPLUS RESOURCES USA CORPORATION
2013-06-01,5916.909090909091,3629.818181818182,ENERPLUS RESOURCES USA CORPORATION
2013-05-01,7004.090909090909,5114.0,ENERPLUS RESOURCES USA CORPORATION
2013-04-01,6474.636363636364,4924.272727272727,ENERPLUS RESOURCES USA CORPORATION
2013-03-01,5927.0,3469.5555555555557,ENERPLUS RESOURCES USA CORPORATION
2013-02-01,5457.0,3473.6666666666665,ENERPLUS RESOURCES USA CORPORATION
2013-01-01,5880.625,3664.75,ENERPLUS RESOURCES USA CORPORATION
2012-12-01,5493.428571428572,3434.1428571428573,ENERPLUS RESOURCES USA CORPORATION
2012-11-01,6239.714285714285,3976.5714285714284,ENERPLUS RESOURCES USA CORPORATION
2012-10-01,6687.571428571428,4391.285714285715,ENERPLUS RESOURCES USA CORPORATION
2012-09-01,4309.857142857143,2748.5714285714284,ENERPLUS RESOURCES USA CORPORATION
2012-08-01,3669.8,2262.4,ENERPLUS RESOURCES USA CORPORATION
2012-07-01,4084.8,2448.4,ENERPLUS RESOURCES USA CORPORATION
2012-05-01,3571.6,2359.0,ENERPLUS RESOURCES USA CORPORATION
2012-04-01,3654.2,2186.8,ENERPLUS RESOURCES USA CORPORATION
2012-02-01,3463.8,2254.0,ENERPLUS RESOURCES USA CORPORATION
2012-01-01,6289.2,4115.6,ENERPLUS RESOURCES USA CORPORATION
2011-12-01,6459.4,4095.8,ENERPLUS RESOURCES USA CORPORATION
2011-11-01,5170.2,3493.2,ENERPLUS RESOURCES USA CORPORATION
2011-10-01,5955.666666666667,3795.0,ENERPLUS RESOURCES USA CORPORATION
2011-09-01,6656.0,3657.0,ENERPLUS RESOURCES USA CORPORATION
2011-08-01,7700.75,5888.25,ENERPLUS RESOURCES USA CORPORATION
2011-07-01,11345.25,6807.25,ENERPLUS RESOURCES USA CORPORATION
2011-06-01,2297.3333333333335,1378.6666666666667,ENERPLUS RESOURCES USA CORPORATION
2011-05-01,2908.0,1745.0,ENERPLUS RESOURCES USA CORPORATION
2011-04-01,2185.0,1311.0,ENERPLUS RESOURCES USA CORPORATION
2011-03-01,2546.0,1527.5,ENERPLUS RESOURCES USA CORPORATION
2011-02-01,4194.5,2517.0,ENERPLUS RESOURCES USA CORPORATION
2011-01-01,4346.5,2608.0,ENERPLUS RESOURCES USA CORPORATION
2010-12-01,6437.0,3862.0,ENERPLUS RESOURCES USA CORPORATION
2010-11-01,8286.5,4972.0,ENERPLUS RESOURCES USA CORPORATION
2012-06-01,4254.5,2772.25,ENERPLUS RESOURCES USA CORPORATION
2012-03-01,5297.5,3036.25,ENERPLUS RESOURCES USA CORPORATION
2018-06-01,7614.045454545455,12604.227272727272,ENERPLUS RESOURCES USA CORPORATION
2015-02-01,10010.44,15262.92,ENERPLUS RESOURCES USA CORPORATION
2018-08-01,11337.464285714286,22880.339285714286,MARATHON OIL COMPANY
2018-07-01,13505.285714285714,26105.73469387755,MARATHON OIL COMPANY
2018-06-01,15447.2,28839.3,MARATHON OIL COMPANY
2018-05-01,18746.098039215685,31840.901960784315,MARATHON OIL COMPANY
2018-04-01,20379.94,35333.86,MARATHON OIL COMPANY
2018-03-01,13158.6875,25697.666666666668,MARATHON OIL COMPANY
2017-05-01,4035.48,7739.48,MARATHON OIL COMPANY
2017-04-01,3985.1923076923076,7253.192307692308,MARATHON OIL COMPANY
2017-03-01,4652.08,8086.08,MARATHON OIL COMPANY
2017-02-01,3914.12,6755.76,MARATHON OIL COMPANY
2017-01-01,4905.807692307692,9013.538461538461,MARATHON OIL COMPANY
2016-12-01,5035.923076923077,9032.846153846154,MARATHON OIL COMPANY
2016-11-01,5806.692307692308,10141.538461538461,MARATHON OIL COMPANY
2016-10-01,6378.384615384615,10973.538461538461,MARATHON OIL COMPANY
2016-09-01,7028.076923076923,10260.807692307691,MARATHON OIL COMPANY
2016-08-01,7581.423076923077,10830.0,MARATHON OIL COMPANY
2016-07-01,9523.851851851852,13620.555555555555,MARATHON OIL COMPANY
2016-06-01,9160.884615384615,12855.961538461539,MARATHON OIL COMPANY
2016-05-01,7066.826086956522,9296.260869565218,MARATHON OIL COMPANY
2016-04-01,4294.047619047619,4107.0952380952385,MARATHON OIL COMPANY
2016-03-01,5074.227272727273,7279.0,MARATHON OIL COMPANY
2016-02-01,5249.181818181818,7077.818181818182,MARATHON OIL COMPANY
2016-01-01,5560.590909090909,7404.318181818182,MARATHON OIL COMPANY
2015-12-01,6274.636363636364,8066.772727272727,MARATHON OIL COMPANY
2015-11-01,6767.454545454545,8003.090909090909,MARATHON OIL COMPANY
2015-10-01,6773.0,7939.5,MARATHON OIL COMPANY
2015-09-01,5628.318181818182,7042.272727272727,MARATHON OIL COMPANY
2015-08-01,7116.227272727273,8358.227272727272,MARATHON OIL COMPANY
2015-07-01,7859.272727272727,9012.40909090909,MARATHON OIL COMPANY
2015-06-01,6576.181818181818,7838.181818181818,MARATHON OIL COMPANY
2015-05-01,3588.722222222222,4653.111111111111,MARATHON OIL COMPANY
2015-04-01,3721.722222222222,4758.166666666667,MARATHON OIL COMPANY
2015-03-01,4267.055555555556,4831.055555555556,MARATHON OIL COMPANY
2015-02-01,3490.6470588235293,3882.529411764706,MARATHON OIL COMPANY
2015-01-01,3948.722222222222,4084.222222222222,MARATHON OIL COMPANY
2014-12-01,4823.388888888889,4557.888888888889,MARATHON OIL COMPANY
2014-11-01,5172.444444444444,4839.666666666667,MARATHON OIL COMPANY
2014-10-01,5907.944444444444,5587.5,MARATHON OIL COMPANY
2014-09-01,6205.833333333333,6589.388888888889,MARATHON OIL COMPANY
2014-08-01,6651.222222222223,6039.111111111111,MARATHON OIL COMPANY
2014-07-01,5122.35294117647,4988.882352941177,MARATHON OIL COMPANY
2014-06-01,4483.722222222223,4845.388888888889,MARATHON OIL COMPANY
2014-05-01,6277.823529411765,6660.411764705882,MARATHON OIL COMPANY
2014-04-01,6261.058823529412,5754.0,MARATHON OIL COMPANY
2014-03-01,5704.266666666666,5341.466666666666,MARATHON OIL COMPANY
2014-02-01,4968.8,4612.266666666666,MARATHON OIL COMPANY
2014-01-01,5305.8125,5132.1875,MARATHON OIL COMPANY
2013-12-01,6356.866666666667,5119.333333333333,MARATHON OIL COMPANY
2013-11-01,4664.5,3086.0714285714284,MARATHON OIL COMPANY
2013-10-01,5517.384615384615,3360.923076923077,MARATHON OIL COMPANY
2013-09-01,5311.538461538462,4267.846153846154,MARATHON OIL COMPANY
2013-08-01,4083.0,3914.9285714285716,MARATHON OIL COMPANY
2013-07-01,4903.5,4090.5714285714284,MARATHON OIL COMPANY
2013-06-01,5265.142857142857,5984.857142857143,MARATHON OIL COMPANY
2013-05-01,6511.714285714285,7095.714285714285,MARATHON OIL COMPANY
2013-04-01,7224.928571428572,7567.928571428572,MARATHON OIL COMPANY
2013-03-01,7599.928571428572,7998.714285714285,MARATHON OIL COMPANY
2013-02-01,7344.0,7131.5,MARATHON OIL COMPANY
2013-01-01,7768.0,7168.384615384615,MARATHON OIL COMPANY
2012-12-01,5922.307692307692,4034.0,MARATHON OIL COMPANY
2012-11-01,5194.4,6124.2,MARATHON OIL COMPANY
2012-10-01,5709.888888888889,5562.666666666667,MARATHON OIL COMPANY
2012-09-01,6086.7,6482.2,MARATHON OIL COMPANY
2012-08-01,6736.3,6722.5,MARATHON OIL COMPANY
2012-07-01,5517.4,5173.4,MARATHON OIL COMPANY
2012-06-01,5114.5,4674.1,MARATHON OIL COMPANY
2012-05-01,3771.222222222222,3727.3333333333335,MARATHON OIL COMPANY
2012-04-01,4387.444444444444,4592.777777777777,MARATHON OIL COMPANY
2012-03-01,5167.0,4523.3,MARATHON OIL COMPANY
2012-02-01,6514.5,6977.5,MARATHON OIL COMPANY
2012-01-01,7317.9,8169.6,MARATHON OIL COMPANY
2011-12-01,8546.9,9695.3,MARATHON OIL COMPANY
2011-11-01,9336.0,10820.0,MARATHON OIL COMPANY
2011-10-01,9711.7,11130.1,MARATHON OIL COMPANY
2011-09-01,9662.8,11135.2,MARATHON OIL COMPANY
2011-08-01,9861.4,10815.9,MARATHON OIL COMPANY
2011-07-01,9240.75,9107.25,MARATHON OIL COMPANY
2011-06-01,9573.25,9180.75,MARATHON OIL COMPANY
2011-05-01,8387.714285714286,7686.428571428572,MARATHON OIL COMPANY
2011-04-01,6459.333333333333,5957.333333333333,MARATHON OIL COMPANY
2011-03-01,7401.666666666667,6521.5,MARATHON OIL COMPANY
2011-02-01,3748.5,3411.25,MARATHON OIL COMPANY
2011-01-01,6091.0,1498.5,MARATHON OIL COMPANY
2010-12-01,1595.0,30.0,MARATHON OIL COMPANY
2018-02-01,10583.780487804877,21201.463414634145,MARATHON OIL COMPANY
2018-01-01,18601.853658536584,34945.829268292684,MARATHON OIL COMPANY
2017-12-01,15099.642857142857,25972.214285714286,MARATHON OIL COMPANY
2017-11-01,8259.264705882353,14956.441176470587,MARATHON OIL COMPANY
2017-07-01,5982.933333333333,10379.266666666666,MARATHON OIL COMPANY
2017-06-01,3897.9166666666665,7947.458333333333,MARATHON OIL COMPANY
2017-10-01,12469.34375,21685.1875,MARATHON OIL COMPANY
2017-09-01,13601.78125,19896.46875,MARATHON OIL COMPANY
2017-08-01,13677.59375,21174.0,MARATHON OIL COMPANY
2018-08-01,6319.142857142857,17034.326530612245,ABRAXAS PETROLEUM CORP
2018-07-01,5505.734693877551,13944.122448979591,ABRAXAS PETROLEUM CORP
2017-08-01,4488.125,12493.0,ABRAXAS PETROLEUM CORP
2017-07-01,4932.075,12484.575,ABRAXAS PETROLEUM CORP
2017-06-01,2571.275,7240.325,ABRAXAS PETROLEUM CORP
2017-05-01,2549.0,8712.666666666666,ABRAXAS PETROLEUM CORP
2017-04-01,3121.3611111111113,10726.166666666666,ABRAXAS PETROLEUM CORP
2017-03-01,3495.0,12350.75,ABRAXAS PETROLEUM CORP
2017-02-01,3482.25,11267.861111111111,ABRAXAS PETROLEUM CORP
2017-01-01,4291.638888888889,13163.472222222223,ABRAXAS PETROLEUM CORP
2016-12-01,4678.833333333333,13293.333333333334,ABRAXAS PETROLEUM CORP
2016-11-01,5246.027777777777,13527.694444444445,ABRAXAS PETROLEUM CORP
2016-10-01,5895.216216216216,14294.891891891892,ABRAXAS PETROLEUM CORP
2016-09-01,6005.27027027027,13690.216216216217,ABRAXAS PETROLEUM CORP
2016-08-01,3936.472222222222,9310.972222222223,ABRAXAS PETROLEUM CORP
2016-07-01,3236.777777777778,8855.296296296296,ABRAXAS PETROLEUM CORP
2016-06-01,3222.9032258064517,8346.548387096775,ABRAXAS PETROLEUM CORP
2016-05-01,3599.1,9720.333333333334,ABRAXAS PETROLEUM CORP
2016-04-01,3828.2258064516127,9973.0,ABRAXAS PETROLEUM CORP
2016-03-01,4356.322580645161,10808.354838709678,ABRAXAS PETROLEUM CORP
2016-01-01,4792.645161290323,10812.387096774193,ABRAXAS PETROLEUM CORP
2015-12-01,5300.4838709677415,11292.193548387097,ABRAXAS PETROLEUM CORP
2015-11-01,5221.193548387097,10967.677419354839,ABRAXAS PETROLEUM CORP
2015-10-01,3755.923076923077,8059.038461538462,ABRAXAS PETROLEUM CORP
2015-08-01,4920.555555555556,8958.518518518518,ABRAXAS PETROLEUM CORP
2015-07-01,5817.444444444444,10949.222222222223,ABRAXAS PETROLEUM CORP
2015-06-01,4883.928571428572,8581.67857142857,ABRAXAS PETROLEUM CORP
2015-05-01,4716.25,9928.541666666666,ABRAXAS PETROLEUM CORP
2015-04-01,4953.125,9722.875,ABRAXAS PETROLEUM CORP
2015-03-01,5848.0,9368.75,ABRAXAS PETROLEUM CORP
2015-02-01,5496.791666666667,9794.541666666666,ABRAXAS PETROLEUM CORP
2015-01-01,7142.608695652174,13995.260869565218,ABRAXAS PETROLEUM CORP
2014-12-01,7411.454545454545,14015.5,ABRAXAS PETROLEUM CORP
2014-11-01,6577.4,12744.6,ABRAXAS PETROLEUM CORP
2014-10-01,7455.55,13660.85,ABRAXAS PETROLEUM CORP
2014-09-01,8954.8,17216.5,ABRAXAS PETROLEUM CORP
2014-08-01,7525.85,12615.4,ABRAXAS PETROLEUM CORP
2014-07-01,6809.375,12805.75,ABRAXAS PETROLEUM CORP
2014-06-01,8573.1875,14292.4375,ABRAXAS PETROLEUM CORP
2014-05-01,5419.875,11403.4375,ABRAXAS PETROLEUM CORP
2014-04-01,6063.928571428572,10978.92857142857,ABRAXAS PETROLEUM CORP
2014-03-01,7199.5,10388.285714285714,ABRAXAS PETROLEUM CORP
2014-02-01,5383.0,9569.142857142857,ABRAXAS PETROLEUM CORP
2014-01-01,9718.384615384615,14850.846153846154,ABRAXAS PETROLEUM CORP
2013-12-01,10608.692307692309,14631.307692307691,ABRAXAS PETROLEUM CORP
2013-11-01,6083.0,10342.923076923076,ABRAXAS PETROLEUM CORP
2013-10-01,7924.1,16441.6,ABRAXAS PETROLEUM CORP
2013-09-01,8291.4,13897.9,ABRAXAS PETROLEUM CORP
2013-08-01,11400.9,18797.7,ABRAXAS PETROLEUM CORP
2013-07-01,5912.3,9126.2,ABRAXAS PETROLEUM CORP
2013-06-01,3171.5,6446.833333333333,ABRAXAS PETROLEUM CORP
2013-05-01,4272.833333333333,8143.666666666667,ABRAXAS PETROLEUM CORP
2013-04-01,4228.666666666667,7529.833333333333,ABRAXAS PETROLEUM CORP
2013-03-01,4772.166666666667,7950.0,ABRAXAS PETROLEUM CORP
2013-02-01,2842.5,5104.0,ABRAXAS PETROLEUM CORP
2013-01-01,2220.8333333333335,4265.166666666667,ABRAXAS PETROLEUM CORP
2012-12-01,2999.2,6104.0,ABRAXAS PETROLEUM CORP
2012-11-01,4341.75,7732.0,ABRAXAS PETROLEUM CORP
2012-10-01,3110.0,7311.0,ABRAXAS PETROLEUM CORP
2012-09-01,2359.6666666666665,4031.3333333333335,ABRAXAS PETROLEUM CORP
2012-08-01,2593.3333333333335,4609.333333333333,ABRAXAS PETROLEUM CORP
2012-07-01,1565.0,2423.3333333333335,ABRAXAS PETROLEUM CORP
2012-06-01,2483.0,4341.333333333333,ABRAXAS PETROLEUM CORP
2012-05-01,2212.0,4028.3333333333335,ABRAXAS PETROLEUM CORP
2012-04-01,2794.6666666666665,4761.333333333333,ABRAXAS PETROLEUM CORP
2012-03-01,3133.6666666666665,6011.333333333333,ABRAXAS PETROLEUM CORP
2012-02-01,2876.3333333333335,5629.0,ABRAXAS PETROLEUM CORP
2012-01-01,3772.3333333333335,7415.0,ABRAXAS PETROLEUM CORP
2011-12-01,3810.0,8084.0,ABRAXAS PETROLEUM CORP
2011-11-01,4155.333333333333,7464.0,ABRAXAS PETROLEUM CORP
2011-10-01,2693.6666666666665,3448.6666666666665,ABRAXAS PETROLEUM CORP
2011-09-01,4565.0,6273.666666666667,ABRAXAS PETROLEUM CORP
2011-08-01,6425.666666666667,12512.333333333334,ABRAXAS PETROLEUM CORP
2011-07-01,7367.0,13800.333333333334,ABRAXAS PETROLEUM CORP
2011-06-01,3479.0,5725.666666666667,ABRAXAS PETROLEUM CORP
2011-05-01,4318.0,6855.5,ABRAXAS PETROLEUM CORP
2011-04-01,4241.5,6200.5,ABRAXAS PETROLEUM CORP
2011-03-01,3041.0,4963.5,ABRAXAS PETROLEUM CORP
2011-02-01,3676.0,3146.5,ABRAXAS PETROLEUM CORP
2011-01-01,7838.0,12001.5,ABRAXAS PETROLEUM CORP
2010-12-01,6365.0,9938.0,ABRAXAS PETROLEUM CORP
2010-11-01,5319.0,10098.5,ABRAXAS PETROLEUM CORP
2010-10-01,8302.0,12171.0,ABRAXAS PETROLEUM CORP
2010-09-01,7302.0,7811.0,ABRAXAS PETROLEUM CORP
2010-07-01,2364.0,3429.0,ABRAXAS PETROLEUM CORP
2018-05-01,3500.7073170731705,12825.073170731708,ABRAXAS PETROLEUM CORP
2018-04-01,3953.609756097561,13009.512195121952,ABRAXAS PETROLEUM CORP
2018-03-01,4391.928571428572,12883.785714285714,ABRAXAS PETROLEUM CORP
2018-02-01,4297.309523809524,12455.761904761905,ABRAXAS PETROLEUM CORP
2018-01-01,5471.071428571428,14493.92857142857,ABRAXAS PETROLEUM CORP
2017-12-01,4949.380952380952,13047.666666666666,ABRAXAS PETROLEUM CORP
2017-11-01,3586.7948717948716,11393.051282051281,ABRAXAS PETROLEUM CORP
2017-10-01,3580.358974358974,10704.384615384615,ABRAXAS PETROLEUM CORP
2017-09-01,3811.4358974358975,10662.846153846154,ABRAXAS PETROLEUM CORP
2016-02-01,4442.166666666667,10120.9,ABRAXAS PETROLEUM CORP
2015-09-01,4509.111111111111,9555.148148148148,ABRAXAS PETROLEUM CORP
2018-06-01,2975.027027027027,9854.756756756757,ABRAXAS PETROLEUM CORP
2018-08-01,1367.85,2546.975,MUREX PETROLEUM CORPORATION
2018-07-01,1040.075,2051.55,MUREX PETROLEUM CORPORATION
2018-06-01,1140.918918918919,2230.5945945945946,MUREX PETROLEUM CORPORATION
2018-05-01,1209.5135135135135,2032.4054054054054,MUREX PETROLEUM CORPORATION
2018-04-01,1065.2972972972973,2013.3243243243244,MUREX PETROLEUM CORPORATION
2018-03-01,1267.5,2398.815789473684,MUREX PETROLEUM CORPORATION
2018-02-01,1098.4444444444443,2124.4444444444443,MUREX PETROLEUM CORPORATION
2018-01-01,1150.8648648648648,2220.972972972973,MUREX PETROLEUM CORPORATION
2017-12-01,1154.0263157894738,2323.0789473684213,MUREX PETROLEUM CORPORATION
2017-11-01,1030.162162162162,2183.5675675675675,MUREX PETROLEUM CORPORATION
2017-10-01,1133.2368421052631,2455.2631578947367,MUREX PETROLEUM CORPORATION
2017-09-01,1145.2368421052631,2477.815789473684,MUREX PETROLEUM CORPORATION
2017-08-01,1167.3684210526317,2445.7368421052633,MUREX PETROLEUM CORPORATION
2017-07-01,1149.842105263158,2481.4473684210525,MUREX PETROLEUM CORPORATION
2017-06-01,1227.7631578947369,2636.5263157894738,MUREX PETROLEUM CORPORATION
2017-05-01,1198.7368421052631,2304.8684210526317,MUREX PETROLEUM CORPORATION
2017-04-01,1224.2105263157894,2393.5263157894738,MUREX PETROLEUM CORPORATION
2017-03-01,1282.162162162162,2491.0,MUREX PETROLEUM CORPORATION
2017-02-01,1138.1891891891892,2116.2972972972975,MUREX PETROLEUM CORPORATION
2017-01-01,1242.5833333333333,2207.5,MUREX PETROLEUM CORPORATION
2016-12-01,1202.0833333333333,2342.3611111111113,MUREX PETROLEUM CORPORATION
2016-11-01,1237.5945945945946,2243.5405405405404,MUREX PETROLEUM CORPORATION
2016-10-01,1255.5675675675675,2453.027027027027,MUREX PETROLEUM CORPORATION
2016-09-01,1265.081081081081,2589.891891891892,MUREX PETROLEUM CORPORATION
2016-08-01,1337.4324324324325,2498.4324324324325,MUREX PETROLEUM CORPORATION
2016-07-01,1371.5945945945946,2356.5135135135133,MUREX PETROLEUM CORPORATION
2016-06-01,1314.6486486486488,2165.108108108108,MUREX PETROLEUM CORPORATION
2016-05-01,1412.861111111111,2395.777777777778,MUREX PETROLEUM CORPORATION
2016-04-01,1438.4166666666667,2587.472222222222,MUREX PETROLEUM CORPORATION
2016-03-01,1448.2777777777778,2348.3333333333335,MUREX PETROLEUM CORPORATION
2016-02-01,1414.5277777777778,2381.5555555555557,MUREX PETROLEUM CORPORATION
2016-01-01,1345.2162162162163,2210.6486486486488,MUREX PETROLEUM CORPORATION
2015-12-01,1359.8108108108108,2347.837837837838,MUREX PETROLEUM CORPORATION
2015-11-01,1420.75,2381.722222222222,MUREX PETROLEUM CORPORATION
2015-10-01,1522.861111111111,2614.9166666666665,MUREX PETROLEUM CORPORATION
2015-09-01,1417.1081081081081,2424.027027027027,MUREX PETROLEUM CORPORATION
2015-08-01,1567.837837837838,2688.4054054054054,MUREX PETROLEUM CORPORATION
2015-07-01,1563.6756756756756,2423.837837837838,MUREX PETROLEUM CORPORATION
2015-06-01,1637.111111111111,2754.4444444444443,MUREX PETROLEUM CORPORATION
2015-05-01,1705.8648648648648,2706.2972972972975,MUREX PETROLEUM CORPORATION
2015-04-01,1660.7222222222222,2539.1666666666665,MUREX PETROLEUM CORPORATION
2015-03-01,1810.388888888889,2685.5,MUREX PETROLEUM CORPORATION
2015-02-01,1684.1666666666667,2726.722222222222,MUREX PETROLEUM CORPORATION
2015-01-01,1802.75,2882.0555555555557,MUREX PETROLEUM CORPORATION
2014-12-01,1603.9705882352941,2393.0588235294117,MUREX PETROLEUM CORPORATION
2014-11-01,1659.6875,2806.8125,MUREX PETROLEUM CORPORATION
2014-10-01,1600.25,2679.027777777778,MUREX PETROLEUM CORPORATION
2014-09-01,1792.6666666666667,3168.8611111111113,MUREX PETROLEUM CORPORATION
2014-08-01,1920.4166666666667,3109.9166666666665,MUREX PETROLEUM CORPORATION
2014-07-01,2023.8055555555557,3050.027777777778,MUREX PETROLEUM CORPORATION
2014-06-01,2019.5,2972.3055555555557,MUREX PETROLEUM CORPORATION
2014-05-01,2086.3142857142857,3015.2,MUREX PETROLEUM CORPORATION
2014-04-01,2026.4444444444443,2875.1111111111113,MUREX PETROLEUM CORPORATION
2014-03-01,2187.6944444444443,2908.6944444444443,MUREX PETROLEUM CORPORATION
2014-02-01,2132.6944444444443,2475.527777777778,MUREX PETROLEUM CORPORATION
2014-01-01,2290.5,2792.5833333333335,MUREX PETROLEUM CORPORATION
2013-12-01,2278.8055555555557,3264.277777777778,MUREX PETROLEUM CORPORATION
2013-11-01,2286.4444444444443,3044.222222222222,MUREX PETROLEUM CORPORATION
2013-10-01,2467.3611111111113,3616.6388888888887,MUREX PETROLEUM CORPORATION
2013-09-01,2668.527777777778,3781.0833333333335,MUREX PETROLEUM CORPORATION
2013-08-01,2581.0,3447.5833333333335,MUREX PETROLEUM CORPORATION
2013-07-01,2914.972222222222,4451.111111111111,MUREX PETROLEUM CORPORATION
2013-06-01,2904.6944444444443,3451.1388888888887,MUREX PETROLEUM CORPORATION
2013-05-01,2969.0,3478.0833333333335,MUREX PETROLEUM CORPORATION
2013-04-01,3224.527777777778,3347.5555555555557,MUREX PETROLEUM CORPORATION
2013-03-01,3588.75,3527.75,MUREX PETROLEUM CORPORATION
2013-02-01,3771.777777777778,3574.972222222222,MUREX PETROLEUM CORPORATION
2013-01-01,3612.1714285714284,4007.8285714285716,MUREX PETROLEUM CORPORATION
2012-12-01,3627.6857142857143,3956.1428571428573,MUREX PETROLEUM CORPORATION
2012-11-01,3211.121212121212,3474.121212121212,MUREX PETROLEUM CORPORATION
2012-10-01,3631.53125,3836.3125,MUREX PETROLEUM CORPORATION
2012-09-01,3327.3225806451615,3486.8064516129034,MUREX PETROLEUM CORPORATION
2012-08-01,3475.5806451612902,4028.8064516129034,MUREX PETROLEUM CORPORATION
2012-07-01,3896.6451612903224,3766.0967741935483,MUREX PETROLEUM CORPORATION
2012-06-01,3938.8709677419356,5048.677419354839,MUREX PETROLEUM CORPORATION
2012-05-01,4094.0,4159.137931034483,MUREX PETROLEUM CORPORATION
2012-04-01,4195.9,3767.4333333333334,MUREX PETROLEUM CORPORATION
2012-03-01,4578.482758620689,4367.0,MUREX PETROLEUM CORPORATION
2012-02-01,3757.285714285714,4066.964285714286,MUREX PETROLEUM CORPORATION
2012-01-01,5068.357142857143,5010.785714285715,MUREX PETROLEUM CORPORATION
2011-12-01,4194.555555555556,3937.8888888888887,MUREX PETROLEUM CORPORATION
2011-11-01,5084.041666666667,5849.708333333333,MUREX PETROLEUM CORPORATION
2011-10-01,5033.190476190476,6462.523809523809,MUREX PETROLEUM CORPORATION
2011-09-01,4206.5,6135.7,MUREX PETROLEUM CORPORATION
2011-08-01,5691.176470588235,6185.35294117647,MUREX PETROLEUM CORPORATION
2011-07-01,5682.529411764706,5610.64705882353,MUREX PETROLEUM CORPORATION
2011-06-01,6468.428571428572,7217.0,MUREX PETROLEUM CORPORATION
2011-05-01,6286.071428571428,6520.5,MUREX PETROLEUM CORPORATION
2011-04-01,4206.25,4360.166666666667,MUREX PETROLEUM CORPORATION
2011-03-01,6212.5,2767.75,MUREX PETROLEUM CORPORATION
2011-02-01,5230.583333333333,3100.0,MUREX PETROLEUM CORPORATION
2011-01-01,6753.909090909091,3891.090909090909,MUREX PETROLEUM CORPORATION
2010-12-01,5377.545454545455,3114.181818181818,MUREX PETROLEUM CORPORATION
2010-11-01,7350.727272727273,3910.3636363636365,MUREX PETROLEUM CORPORATION
2010-10-01,5345.4,5629.6,MUREX PETROLEUM CORPORATION
2010-09-01,5345.428571428572,7467.285714285715,MUREX PETROLEUM CORPORATION
2010-08-01,6994.857142857143,7999.857142857143,MUREX PETROLEUM CORPORATION
2010-07-01,9591.333333333334,9075.166666666666,MUREX PETROLEUM CORPORATION
2010-06-01,6835.5,5040.666666666667,MUREX PETROLEUM CORPORATION
2010-04-01,2037.3333333333333,2969.6666666666665,MUREX PETROLEUM CORPORATION
2010-03-01,1913.75,2011.75,MUREX PETROLEUM CORPORATION
2010-02-01,1674.6666666666667,2390.6666666666665,MUREX PETROLEUM CORPORATION
2010-01-01,1566.6666666666667,1980.0,MUREX PETROLEUM CORPORATION
2010-05-01,9090.333333333334,6126.666666666667,MUREX PETROLEUM CORPORATION
2018-08-01,3027.5102040816328,3655.887755102041,KRAKEN OPERATING LLC
2018-07-01,3552.95,3392.86,KRAKEN OPERATING LLC
2018-06-01,4298.979797979798,4269.585858585859,KRAKEN OPERATING LLC
2018-05-01,4856.575757575758,5050.79797979798,KRAKEN OPERATING LLC
2018-04-01,5160.530612244898,4785.877551020408,KRAKEN OPERATING LLC
2018-03-01,4991.765306122449,4799.8877551020405,KRAKEN OPERATING LLC
2018-02-01,4086.3541666666665,4078.6041666666665,KRAKEN OPERATING LLC
2018-01-01,4303.284090909091,4516.488636363636,KRAKEN OPERATING LLC
2017-12-01,4534.227272727273,4532.25,KRAKEN OPERATING LLC
2017-11-01,3144.5185185185187,3624.222222222222,KRAKEN OPERATING LLC
2017-10-01,3520.3291139240505,4017.3924050632913,KRAKEN OPERATING LLC
2017-09-01,3383.6666666666665,3838.1604938271603,KRAKEN OPERATING LLC
2017-08-01,3428.24358974359,3862.0128205128203,KRAKEN OPERATING LLC
2017-07-01,2077.1111111111113,2720.902777777778,KRAKEN OPERATING LLC
2017-06-01,2036.134328358209,2603.208955223881,KRAKEN OPERATING LLC
2017-05-01,2106.5915492957747,2686.7323943661972,KRAKEN OPERATING LLC
2017-04-01,2093.7671232876714,2633.849315068493,KRAKEN OPERATING LLC
2017-03-01,1206.9142857142858,1780.8857142857144,KRAKEN OPERATING LLC
2017-02-01,1141.7428571428572,1616.7285714285715,KRAKEN OPERATING LLC
2017-01-01,1262.5428571428572,1709.6,KRAKEN OPERATING LLC
2016-12-01,1233.9571428571428,1654.0,KRAKEN OPERATING LLC
2016-11-01,1301.9714285714285,1765.0714285714287,KRAKEN OPERATING LLC
2016-10-01,1310.8985507246377,1611.7536231884058,KRAKEN OPERATING LLC
2016-09-01,1279.142857142857,1615.3285714285714,KRAKEN OPERATING LLC
2016-08-01,1434.7428571428572,1872.7428571428572,KRAKEN OPERATING LLC
2016-07-01,1441.642857142857,1808.4142857142858,KRAKEN OPERATING LLC
2016-06-01,1388.5142857142857,1727.0857142857142,KRAKEN OPERATING LLC
2016-05-01,1581.3857142857144,1951.2571428571428,KRAKEN OPERATING LLC
2016-04-01,1447.3714285714286,1783.557142857143,KRAKEN OPERATING LLC
2016-03-01,1565.8028169014085,1960.1549295774648,KRAKEN OPERATING LLC
2016-02-01,1527.942857142857,1917.1571428571428,KRAKEN OPERATING LLC
2016-01-01,1698.3142857142857,2053.0,KRAKEN OPERATING LLC
2015-12-01,1568.9710144927535,1914.2173913043478,KRAKEN OPERATING LLC
2015-11-01,1728.5652173913043,2301.0434782608695,KRAKEN OPERATING LLC
2015-10-01,1986.6338028169014,2691.394366197183,KRAKEN OPERATING LLC
2015-09-01,2078.5,2599.442857142857,KRAKEN OPERATING LLC
2015-08-01,2611.478873239437,3118.718309859155,KRAKEN OPERATING LLC
2015-07-01,2512.478873239437,2899.6619718309857,KRAKEN OPERATING LLC
2015-06-01,2209.9295774647885,2529.8169014084506,KRAKEN OPERATING LLC
2015-05-01,2481.845070422535,2663.774647887324,KRAKEN OPERATING LLC
2015-04-01,2075.323943661972,2471.9014084507044,KRAKEN OPERATING LLC
2015-03-01,2682.8732394366198,2815.478873239437,KRAKEN OPERATING LLC
2015-02-01,2616.3714285714286,2680.785714285714,KRAKEN OPERATING LLC
2015-01-01,2444.507462686567,2419.0746268656717,KRAKEN OPERATING LLC
2014-12-01,2683.75,2478.279411764706,KRAKEN OPERATING LLC
2014-11-01,2715.6470588235293,2631.323529411765,KRAKEN OPERATING LLC
2014-10-01,2488.3676470588234,2648.279411764706,KRAKEN OPERATING LLC
2014-09-01,2741.3636363636365,2907.318181818182,KRAKEN OPERATING LLC
2014-08-01,2617.75,2786.421875,KRAKEN OPERATING LLC
2014-07-01,2983.2903225806454,2984.5,KRAKEN OPERATING LLC
2014-06-01,2640.9,2513.0,KRAKEN OPERATING LLC
2014-05-01,2038.3559322033898,1802.8474576271187,KRAKEN OPERATING LLC
2014-04-01,2356.3898305084745,2361.491525423729,KRAKEN OPERATING LLC
2014-03-01,2574.135593220339,2387.135593220339,KRAKEN OPERATING LLC
2014-02-01,2425.9655172413795,2207.0172413793102,KRAKEN OPERATING LLC
2014-01-01,2481.189655172414,2089.2758620689656,KRAKEN OPERATING LLC
2013-12-01,2536.8035714285716,2199.839285714286,KRAKEN OPERATING LLC
2013-11-01,2599.4137931034484,2194.948275862069,KRAKEN OPERATING LLC
2013-10-01,3025.137931034483,2811.7241379310344,KRAKEN OPERATING LLC
2013-09-01,3077.2321428571427,2965.0,KRAKEN OPERATING LLC
2013-08-01,3353.5454545454545,3403.8545454545456,KRAKEN OPERATING LLC
2013-07-01,2764.169811320755,2893.9245283018868,KRAKEN OPERATING LLC
2013-06-01,2713.3541666666665,2701.2708333333335,KRAKEN OPERATING LLC
2013-05-01,3350.127659574468,3122.31914893617,KRAKEN OPERATING LLC
2013-04-01,3153.92,3190.02,KRAKEN OPERATING LLC
2013-03-01,3642.8571428571427,3421.5714285714284,KRAKEN OPERATING LLC
2013-02-01,2891.521739130435,2477.521739130435,KRAKEN OPERATING LLC
2013-01-01,3440.8863636363635,2989.6136363636365,KRAKEN OPERATING LLC
2012-12-01,3754.5,3116.3809523809523,KRAKEN OPERATING LLC
2012-11-01,4027.1428571428573,3241.4761904761904,KRAKEN OPERATING LLC
2012-10-01,4118.1,3458.025,KRAKEN OPERATING LLC
2012-09-01,4003.6666666666665,3472.230769230769,KRAKEN OPERATING LLC
2012-08-01,4810.945945945946,4305.405405405405,KRAKEN OPERATING LLC
2012-07-01,4031.4285714285716,3493.0,KRAKEN OPERATING LLC
2012-06-01,4392.375,3576.375,KRAKEN OPERATING LLC
2012-05-01,4665.689655172414,3752.7586206896553,KRAKEN OPERATING LLC
2012-04-01,4585.821428571428,3865.5,KRAKEN OPERATING LLC
2012-03-01,4669.7307692307695,3517.346153846154,KRAKEN OPERATING LLC
2012-02-01,4012.714285714286,2505.904761904762,KRAKEN OPERATING LLC
2012-01-01,4621.631578947368,3514.4736842105262,KRAKEN OPERATING LLC
2011-12-01,3881.45,2803.5,KRAKEN OPERATING LLC
2011-11-01,2985.3888888888887,1681.1666666666667,KRAKEN OPERATING LLC
2011-10-01,3829.0625,2382.9375,KRAKEN OPERATING LLC
2011-09-01,3231.375,1868.8125,KRAKEN OPERATING LLC
2011-08-01,3783.733333333333,2735.6,KRAKEN OPERATING LLC
2011-07-01,4738.7692307692305,3278.846153846154,KRAKEN OPERATING LLC
2011-06-01,3949.1666666666665,1792.8333333333333,KRAKEN OPERATING LLC
2011-05-01,4503.166666666667,2181.8333333333335,KRAKEN OPERATING LLC
2011-04-01,4627.833333333333,2048.5833333333335,KRAKEN OPERATING LLC
2011-03-01,3736.6666666666665,1579.4166666666667,KRAKEN OPERATING LLC
2011-02-01,4797.7,1884.8,KRAKEN OPERATING LLC
2011-01-01,5729.9,1205.4,KRAKEN OPERATING LLC
2010-12-01,4243.888888888889,1656.888888888889,KRAKEN OPERATING LLC
2010-11-01,6080.75,2506.5,KRAKEN OPERATING LLC
2010-10-01,4829.777777777777,1470.2222222222222,KRAKEN OPERATING LLC
2010-09-01,6355.625,3559.25,KRAKEN OPERATING LLC
2010-08-01,4603.0,2753.8571428571427,KRAKEN OPERATING LLC
2010-07-01,6970.2,4468.6,KRAKEN OPERATING LLC
2010-06-01,5213.5,2533.0,KRAKEN OPERATING LLC
2010-05-01,7244.666666666667,4159.666666666667,KRAKEN OPERATING LLC
2010-04-01,7891.5,4742.0,KRAKEN OPERATING LLC
2010-03-01,10386.0,7352.0,KRAKEN OPERATING LLC
2010-02-01,4250.0,2848.0,KRAKEN OPERATING LLC
2018-08-01,4432.342857142857,5704.971428571429,CRESCENT POINT ENERGY US CORP
2018-07-01,3611.655737704918,4215.524590163935,CRESCENT POINT ENERGY US CORP
2018-06-01,3498.098360655738,3867.1147540983607,CRESCENT POINT ENERGY US CORP
2018-05-01,3620.4920634920636,3903.5079365079364,CRESCENT POINT ENERGY US CORP
2018-04-01,3977.9523809523807,4010.15873015873,CRESCENT POINT ENERGY US CORP
2018-03-01,3477.3064516129034,3952.8225806451615,CRESCENT POINT ENERGY US CORP
2018-02-01,2259.27868852459,2795.344262295082,CRESCENT POINT ENERGY US CORP
2018-01-01,2883.462962962963,2831.796296296296,CRESCENT POINT ENERGY US CORP
2017-12-01,2520.7735849056603,3126.0377358490564,CRESCENT POINT ENERGY US CORP
2017-11-01,1954.1538461538462,2370.173076923077,CRESCENT POINT ENERGY US CORP
2017-10-01,1720.75,2314.7884615384614,CRESCENT POINT ENERGY US CORP
2017-09-01,1810.1875,2486.4375,CRESCENT POINT ENERGY US CORP
2017-08-01,2016.8367346938776,2701.061224489796,CRESCENT POINT ENERGY US CORP
2017-07-01,2216.285714285714,2863.265306122449,CRESCENT POINT ENERGY US CORP
2017-06-01,2246.285714285714,2770.673469387755,CRESCENT POINT ENERGY US CORP
2017-05-01,2605.808510638298,3061.723404255319,CRESCENT POINT ENERGY US CORP
2017-04-01,2691.1458333333335,2764.8333333333335,CRESCENT POINT ENERGY US CORP
2011-08-01,3706.6666666666665,4780.333333333333,CRESCENT POINT ENERGY US CORP
2011-07-01,1503.0,1816.6666666666667,CRESCENT POINT ENERGY US CORP
2011-06-01,1861.0,1600.0,CRESCENT POINT ENERGY US CORP
2011-05-01,2028.6666666666667,1616.0,CRESCENT POINT ENERGY US CORP
2011-04-01,6028.5,4080.0,CRESCENT POINT ENERGY US CORP
2011-03-01,1026.3333333333333,1332.3333333333333,CRESCENT POINT ENERGY US CORP
2017-03-01,2446.2083333333335,2466.8125,CRESCENT POINT ENERGY US CORP
2017-02-01,2051.8297872340427,2225.595744680851,CRESCENT POINT ENERGY US CORP
2017-01-01,2623.25,2805.75,CRESCENT POINT ENERGY US CORP
2016-12-01,2021.75,2091.125,CRESCENT POINT ENERGY US CORP
2016-11-01,1547.888888888889,1871.0666666666666,CRESCENT POINT ENERGY US CORP
2016-09-01,1583.780487804878,2030.0,CRESCENT POINT ENERGY US CORP
2016-08-01,1661.6190476190477,1914.7380952380952,CRESCENT POINT ENERGY US CORP
2016-07-01,1660.9761904761904,1964.8809523809523,CRESCENT POINT ENERGY US CORP
2016-06-01,1721.9024390243903,1830.6341463414635,CRESCENT POINT ENERGY US CORP
2016-05-01,1854.4285714285713,1859.0,CRESCENT POINT ENERGY US CORP
2016-04-01,1617.9761904761904,1773.2619047619048,CRESCENT POINT ENERGY US CORP
2016-03-01,1946.1190476190477,2062.7380952380954,CRESCENT POINT ENERGY US CORP
2016-02-01,1896.1190476190477,1902.5714285714287,CRESCENT POINT ENERGY US CORP
2016-01-01,2051.3333333333335,1864.595238095238,CRESCENT POINT ENERGY US CORP
2015-12-01,2181.5238095238096,2155.809523809524,CRESCENT POINT ENERGY US CORP
2015-11-01,2427.9761904761904,2377.0238095238096,CRESCENT POINT ENERGY US CORP
2015-10-01,2601.7619047619046,2518.1428571428573,CRESCENT POINT ENERGY US CORP
2015-09-01,2521.5476190476193,2227.7619047619046,CRESCENT POINT ENERGY US CORP
2015-08-01,2724.690476190476,2450.5476190476193,CRESCENT POINT ENERGY US CORP
2015-07-01,2460.756097560976,2433.1463414634145,CRESCENT POINT ENERGY US CORP
2015-06-01,2488.575,2580.925,CRESCENT POINT ENERGY US CORP
2015-05-01,2887.1315789473683,2648.6052631578946,CRESCENT POINT ENERGY US CORP
2015-04-01,2965.5675675675675,2817.810810810811,CRESCENT POINT ENERGY US CORP
2015-03-01,3289.2432432432433,3138.054054054054,CRESCENT POINT ENERGY US CORP
2015-02-01,2470.3142857142857,2620.2,CRESCENT POINT ENERGY US CORP
2015-01-01,2496.3333333333335,2310.8055555555557,CRESCENT POINT ENERGY US CORP
2014-12-01,3417.3529411764707,3132.735294117647,CRESCENT POINT ENERGY US CORP
2014-11-01,2423.823529411765,2196.205882352941,CRESCENT POINT ENERGY US CORP
2014-10-01,2524.064516129032,2292.8387096774195,CRESCENT POINT ENERGY US CORP
2014-09-01,2184.1935483870966,1967.258064516129,CRESCENT POINT ENERGY US CORP
2014-08-01,2178.896551724138,2126.9655172413795,CRESCENT POINT ENERGY US CORP
2014-07-01,2005.1379310344828,1980.2413793103449,CRESCENT POINT ENERGY US CORP
2014-06-01,2129.5172413793102,2270.896551724138,CRESCENT POINT ENERGY US CORP
2014-05-01,2631.4827586206898,2974.655172413793,CRESCENT POINT ENERGY US CORP
2014-04-01,2863.137931034483,2477.9310344827586,CRESCENT POINT ENERGY US CORP
2014-03-01,2686.6071428571427,2928.1428571428573,CRESCENT POINT ENERGY US CORP
2014-02-01,2012.1923076923076,2378.730769230769,CRESCENT POINT ENERGY US CORP
2014-01-01,2487.6666666666665,2715.074074074074,CRESCENT POINT ENERGY US CORP
2013-12-01,2759.1111111111113,2816.3703703703704,CRESCENT POINT ENERGY US CORP
2013-11-01,3004.962962962963,2760.222222222222,CRESCENT POINT ENERGY US CORP
2013-10-01,3423.4074074074074,3666.777777777778,CRESCENT POINT ENERGY US CORP
2013-09-01,3581.259259259259,3460.3333333333335,CRESCENT POINT ENERGY US CORP
2013-08-01,3999.4074074074074,3703.3333333333335,CRESCENT POINT ENERGY US CORP
2013-07-01,3825.0,3587.6923076923076,CRESCENT POINT ENERGY US CORP
2013-06-01,3875.153846153846,3604.0384615384614,CRESCENT POINT ENERGY US CORP
2013-05-01,4113.16,3405.48,CRESCENT POINT ENERGY US CORP
2013-04-01,4722.041666666667,4023.0833333333335,CRESCENT POINT ENERGY US CORP
2013-03-01,4694.260869565217,3674.4347826086955,CRESCENT POINT ENERGY US CORP
2013-02-01,4784.217391304348,3693.9565217391305,CRESCENT POINT ENERGY US CORP
2013-01-01,4663.782608695652,3686.913043478261,CRESCENT POINT ENERGY US CORP
2012-12-01,4138.318181818182,3031.2727272727275,CRESCENT POINT ENERGY US CORP
2012-11-01,4698.263157894737,3297.5263157894738,CRESCENT POINT ENERGY US CORP
2012-10-01,5622.777777777777,4417.333333333333,CRESCENT POINT ENERGY US CORP
2012-09-01,5643.470588235294,4454.764705882353,CRESCENT POINT ENERGY US CORP
2012-08-01,7218.0625,5457.5,CRESCENT POINT ENERGY US CORP
2012-07-01,6916.3125,5664.75,CRESCENT POINT ENERGY US CORP
2012-06-01,7910.076923076923,4756.153846153846,CRESCENT POINT ENERGY US CORP
2012-05-01,5471.0,3656.8,CRESCENT POINT ENERGY US CORP
2012-04-01,4631.2,4566.8,CRESCENT POINT ENERGY US CORP
2012-03-01,3232.0,2827.8,CRESCENT POINT ENERGY US CORP
2012-02-01,1938.0,2133.0,CRESCENT POINT ENERGY US CORP
2012-01-01,1947.3333333333333,2322.3333333333335,CRESCENT POINT ENERGY US CORP
2011-12-01,2457.6666666666665,3647.0,CRESCENT POINT ENERGY US CORP
2011-11-01,2460.6666666666665,2215.0,CRESCENT POINT ENERGY US CORP
2011-10-01,2185.3333333333335,933.3333333333334,CRESCENT POINT ENERGY US CORP
2011-09-01,1102.0,2066.6666666666665,CRESCENT POINT ENERGY US CORP
2016-10-01,1464.9130434782608,1850.391304347826,CRESCENT POINT ENERGY US CORP
2011-02-01,898.5,687.5,CRESCENT POINT ENERGY US CORP
2011-01-01,2194.5,2062.5,CRESCENT POINT ENERGY US CORP
2010-12-01,1513.0,750.0,CRESCENT POINT ENERGY US CORP
2010-11-01,5145.0,4124.0,CRESCENT POINT ENERGY US CORP
2018-02-01,2132.8703703703704,5911.537037037037,LIBERTY RESOURCES MANAGEMENT COMPANY LLC
2018-01-01,2015.017857142857,5482.857142857143,LIBERTY RESOURCES MANAGEMENT COMPANY LLC
2017-12-01,2511.035087719298,8103.491228070176,LIBERTY RESOURCES MANAGEMENT COMPANY LLC
2017-11-01,2699.4285714285716,7685.910714285715,LIBERTY RESOURCES MANAGEMENT COMPANY LLC
2017-10-01,3588.4821428571427,10709.75,LIBERTY RESOURCES MANAGEMENT COMPANY LLC
2017-09-01,3912.754716981132,10722.0,LIBERTY RESOURCES MANAGEMENT COMPANY LLC
2017-08-01,3698.2678571428573,10387.80357142857,LIBERTY RESOURCES MANAGEMENT COMPANY LLC
2017-07-01,4047.3454545454547,10482.345454545455,LIBERTY RESOURCES MANAGEMENT COMPANY LLC
2017-06-01,3700.7090909090907,9946.0,LIBERTY RESOURCES MANAGEMENT COMPANY LLC
2017-05-01,4084.2608695652175,11328.217391304348,LIBERTY RESOURCES MANAGEMENT COMPANY LLC
2017-04-01,4597.478260869565,9470.782608695652,LIBERTY RESOURCES MANAGEMENT COMPANY LLC
2017-03-01,3352.2444444444445,6218.4,LIBERTY RESOURCES MANAGEMENT COMPANY LLC
2017-02-01,4983.627906976744,9136.209302325582,LIBERTY RESOURCES MANAGEMENT COMPANY LLC
2017-01-01,3477.288888888889,8662.422222222222,LIBERTY RESOURCES MANAGEMENT COMPANY LLC
2016-12-01,2075.025,6793.325,LIBERTY RESOURCES MANAGEMENT COMPANY LLC
2016-11-01,2755.675,10167.725,LIBERTY RESOURCES MANAGEMENT COMPANY LLC
2016-10-01,3736.725,12899.775,LIBERTY RESOURCES MANAGEMENT COMPANY LLC
2016-09-01,4094.275,11675.075,LIBERTY RESOURCES MANAGEMENT COMPANY LLC
2016-08-01,4333.425,12188.025,LIBERTY RESOURCES MANAGEMENT COMPANY LLC
2016-07-01,5089.605263157895,12790.026315789473,LIBERTY RESOURCES MANAGEMENT COMPANY LLC
2016-06-01,3712.1315789473683,10180.605263157895,LIBERTY RESOURCES MANAGEMENT COMPANY LLC
2016-05-01,4758.828571428571,11061.42857142857,LIBERTY RESOURCES MANAGEMENT COMPANY LLC
2016-04-01,4468.131578947368,8236.552631578947,LIBERTY RESOURCES MANAGEMENT COMPANY LLC
2016-03-01,5031.5526315789475,8570.578947368422,LIBERTY RESOURCES MANAGEMENT COMPANY LLC
2016-02-01,4880.526315789473,8339.947368421053,LIBERTY RESOURCES MANAGEMENT COMPANY LLC
2016-01-01,5585.542857142857,9659.57142857143,LIBERTY RESOURCES MANAGEMENT COMPANY LLC
2015-12-01,4662.09375,8434.625,LIBERTY RESOURCES MANAGEMENT COMPANY LLC
2015-11-01,5726.166666666667,8470.0,LIBERTY RESOURCES MANAGEMENT COMPANY LLC
2015-10-01,6149.933333333333,8797.8,LIBERTY RESOURCES MANAGEMENT COMPANY LLC
2015-09-01,6902.964285714285,9409.714285714286,LIBERTY RESOURCES MANAGEMENT COMPANY LLC
2015-08-01,7537.142857142857,9943.75,LIBERTY RESOURCES MANAGEMENT COMPANY LLC
2015-07-01,7294.56,10826.04,LIBERTY RESOURCES MANAGEMENT COMPANY LLC
2015-06-01,6792.68,10567.96,LIBERTY RESOURCES MANAGEMENT COMPANY LLC
2015-05-01,7830.44,11951.52,LIBERTY RESOURCES MANAGEMENT COMPANY LLC
2015-04-01,5914.826086956522,10334.782608695652,LIBERTY RESOURCES MANAGEMENT COMPANY LLC
2015-03-01,5689.105263157895,10091.526315789473,LIBERTY RESOURCES MANAGEMENT COMPANY LLC
2015-02-01,6152.125,9626.25,LIBERTY RESOURCES MANAGEMENT COMPANY LLC
2015-01-01,6620.25,10723.416666666666,LIBERTY RESOURCES MANAGEMENT COMPANY LLC
2014-12-01,4919.8125,8397.25,LIBERTY RESOURCES MANAGEMENT COMPANY LLC
2014-11-01,5629.764705882353,9653.176470588236,LIBERTY RESOURCES MANAGEMENT COMPANY LLC
2014-09-01,6900.0,15128.133333333333,LIBERTY RESOURCES MANAGEMENT COMPANY LLC
2014-08-01,8228.933333333332,17953.6,LIBERTY RESOURCES MANAGEMENT COMPANY LLC
2014-07-01,8304.333333333334,19819.0,LIBERTY RESOURCES MANAGEMENT COMPANY LLC
2014-06-01,6461.363636363636,17973.363636363636,LIBERTY RESOURCES MANAGEMENT COMPANY LLC
2014-05-01,7018.8,15685.9,LIBERTY RESOURCES MANAGEMENT COMPANY LLC
2014-04-01,8032.5,14720.0,LIBERTY RESOURCES MANAGEMENT COMPANY LLC
2014-03-01,8575.3,13465.9,LIBERTY RESOURCES MANAGEMENT COMPANY LLC
2014-02-01,7711.7,11661.6,LIBERTY RESOURCES MANAGEMENT COMPANY LLC
2014-01-01,8655.1,11856.8,LIBERTY RESOURCES MANAGEMENT COMPANY LLC
2013-12-01,12103.4,16233.4,LIBERTY RESOURCES MANAGEMENT COMPANY LLC
2013-11-01,10756.5,15741.0,LIBERTY RESOURCES MANAGEMENT COMPANY LLC
2013-10-01,9334.75,13616.5,LIBERTY RESOURCES MANAGEMENT COMPANY LLC
2013-09-01,11310.125,15818.875,LIBERTY RESOURCES MANAGEMENT COMPANY LLC
2013-08-01,13705.625,18827.625,LIBERTY RESOURCES MANAGEMENT COMPANY LLC
2013-07-01,15417.0,21220.833333333332,LIBERTY RESOURCES MANAGEMENT COMPANY LLC
2013-06-01,9298.166666666666,13895.0,LIBERTY RESOURCES MANAGEMENT COMPANY LLC
2013-05-01,15622.0,21557.5,LIBERTY RESOURCES MANAGEMENT COMPANY LLC
2013-04-01,19099.75,24093.0,LIBERTY RESOURCES MANAGEMENT COMPANY LLC
2013-03-01,21423.0,30191.5,LIBERTY RESOURCES MANAGEMENT COMPANY LLC
2013-02-01,11037.5,13395.0,LIBERTY RESOURCES MANAGEMENT COMPANY LLC
2013-01-01,19001.5,22262.0,LIBERTY RESOURCES MANAGEMENT COMPANY LLC
2018-08-01,1517.6842105263158,7354.754385964912,LIBERTY RESOURCES MANAGEMENT COMPANY LLC
2018-07-01,1730.4736842105262,8324.894736842105,LIBERTY RESOURCES MANAGEMENT COMPANY LLC
2018-06-01,1797.280701754386,7665.070175438596,LIBERTY RESOURCES MANAGEMENT COMPANY LLC
2018-05-01,1814.9285714285713,7663.964285714285,LIBERTY RESOURCES MANAGEMENT COMPANY LLC
2018-04-01,2109.8035714285716,8413.94642857143,LIBERTY RESOURCES MANAGEMENT COMPANY LLC
2018-03-01,2517.0185185185187,8435.407407407407,LIBERTY RESOURCES MANAGEMENT COMPANY LLC
2014-10-01,4824.466666666666,9815.133333333333,LIBERTY RESOURCES MANAGEMENT COMPANY LLC
